CodiDivisio|NomDivisio|CodiElement|CodiBDTerritori|NomElement|SuperficieElement|Geometria_ETRS89|Geometria_WGS84_LonLat
BAR|Barris|01|00001|Centre|1876280.5441894531|POLYGON ((424541.343 4579517.689 0, 424607.732 4579536.002 0, 424984.974 4579638.899 0, 425079.05 4579660.113 0, 425113.777 4579556.311 0, 425135.597 4579507.746 0, 425229.189 4579293.225 0, 425256.449 4579231.736 0, 425258.391 4579217.698 0, 425279.752 4579177.752 0, 425302.318 4579132.568 0, 425336.413 4579062.295 0, 425654.913 4579209.591 0, 425841.607 4579296.557 0, 425877.204 4579313.604 0, 426085.975 4579416.156 0, 426080.245 4579359.24 0, 426056.298 4579061.921 0, 425978.162 4578992.914 0, 425967.557 4578973.427 0, 425921.366 4578926.3 0, 425861.099 4578868.847 0, 425419.26 4578434.964 0, 425380.076 4578396.484 0, 425334.951 4578352.173 0, 425313.8 4578332.175 0, 425249.011 4578269.698 0, 424908.219 4577947.539 0, 424514.014 4577678.498 0, 424484.77 4577667.97 0, 424474.243 4577672.649 0, 424317.396 4577980.921 0, 424329.4 4577989.1 0, 424479.6 4578089.3 0, 424507.7 4578105.1 0, 424702.1 4578215.5 0, 424588.3 4578445.9 0, 424572.5 4578477.3 0, 424510.9 4578601.9 0, 424480.5 4578655 0, 424455.5 4578706.7 0, 424435.9 4578748 0, 424421.3 4578780.1 0, 424414.4 4578794.8 0, 424384.2 4578859.8 0, 424378.3 4578872.7 0, 424345.3 4578943.1 0, 424365.9 4578952.4 0, 424373.5 4578955.9 0, 424357.7 4578993.3 0, 424352.3 4579010.1 0, 424339.2 4579009.1 0, 424313.6 4579000.4 0, 424262.5 4578981.8 0, 424239.9 4578973.7 0, 424184.1 4578953.5 0, 424175.9 4578971.9 0, 424150.6 4579028.6 0, 424149.4 4579031.3 0, 424147.2 4579035.3 0, 424145.8 4579037.4 0, 424046.9 4579170.2 0, 424008.4 4579222 0, 423989.6 4579230.2 0, 423961.7 4579255.8 0, 423950.3 4579262 0, 423938.4 4579272.9 0, 423928.1 4579288.7 0, 423926.624 4579291.965 0, 423954.616 4579302.651 0, 424158.037 4579379.137 0, 424327.251 4579442.429 0, 424450.144 4579488.021 0, 424506.953 4579506.444 0, 424541.343 4579517.689 0))|POLYGON ((2.0977952498698418 41.363633132293323 0, 2.098586644668873 41.363804289054265 0, 2.1030838090500792 41.364766276190963 0, 2.1042058749786188 41.364966102021057 0, 2.1046338571819461 41.364034433678434 0, 2.104900708734692 41.363599059137847 0, 2.1060460336084015 41.361675658141522 0, 2.1063794905289135 41.36112438401549 0, 2.1064044356778995 41.360998129997057 0, 2.1066647140642725 41.360640335962913 0, 2.1069400394552122 41.360235476628979 0, 2.1073562691204382 41.359605719658212 0, 2.111145617461756 41.360961824781931 0, 2.1133668035588058 41.361762309044195 0, 2.11379026717035 41.361919122367041 0, 2.1162735446475587 41.362861960024127 0, 2.11621197996414 41.362348814516047 0, 2.1159619434050807 41.359668782776453 0, 2.115036310828954 41.359040085107743 0, 2.1149119158945116 41.358863598540147 0, 2.11436550130918 41.358434896401079 0, 2.1136520929207347 41.357911893715062 0, 2.1084237467776461 41.3539632868332 0, 2.1079601074200296 41.353613083603705 0, 2.1074261777434091 41.353209810349519 0, 2.1071758214312029 41.353027735419843 0, 2.1064090977117966 41.352459020056955 0, 2.1023755280550125 41.349525767041662 0, 2.0976973371952647 41.347065782748906 0, 2.0973491276998768 41.346968220609206 0, 2.0972227288875667 41.347009375458981 0, 2.0953096869608752 41.349771127171714 0, 2.095452142828425 41.349845919685855 0, 2.0972349152310428 41.350762474613106 0, 2.0975688152239598 41.350907412645292 0, 2.099878690531547 41.351919935723004 0, 2.0984898404015695 41.35398440174658 0, 2.0982970785263082 41.354265728265617 0, 2.097545264030642 41.3553821742302 0, 2.0971752734816289 41.355857572351496 0, 2.0968700008133285 41.356320866604548 0, 2.0966305684348421 41.356690998506814 0, 2.0964520475777806 41.356978738834648 0, 2.0963677361984248 41.357110487578538 0, 2.0959986347655892 41.357693078363205 0, 2.0959264996745435 41.357808708855252 0, 2.0955232459982311 41.3584396703872 0, 2.0957683369291016 41.358525366527971 0, 2.0958587503974391 41.358557603289448 0, 2.0956652153243 41.358892964236574 0, 2.0955985689827581 41.359043766999967 0, 2.0954420961714773 41.359033529624355 0, 2.0951371589777503 41.358952766748267 0, 2.0945286320939824 41.3587804401387 0, 2.0942594841509559 41.3587053610558 0, 2.0935949785295223 41.358518176853892 0, 2.0934946568410298 41.358683125198226 0, 2.0931851333418319 41.359191413525821 0, 2.0931704509299998 41.359215618157371 0, 2.0931436519272468 41.359251437092311 0, 2.0931266536983411 41.359270218950222 0, 2.0919277723243344 41.36045696460301 0, 2.0914610444919872 41.360919870588894 0, 2.0912352754330659 41.360991949608568 0, 2.0908985400752784 41.36121988255875 0, 2.090761482711339 41.361274646380885 0, 2.0906178585813562 41.361371693517405 0, 2.0904927466261354 41.361513023662106 0, 2.0904746924004729 41.361542290539113 0, 2.0908079817465977 41.36164117870706 0, 2.0932302098556015 41.362349240475929 0, 2.0952452014181571 41.362935204895493 0, 2.09670867453371 41.363357372972857 0, 2.0973855219961268 41.363528629607039 0, 2.0977952498698418 41.363633132293323 0))
BAR|Barris|02|00002|Sanfeliu|511496.05395507813|POLYGON ((424607.732 4579536.002 0, 424541.343 4579517.689 0, 424506.953 4579506.444 0, 424450.144 4579488.021 0, 424327.251 4579442.429 0, 424158.037 4579379.137 0, 423954.616 4579302.651 0, 423926.624 4579291.965 0, 423924.8 4579296 0, 423923.6 4579308.2 0, 423911.8 4579324.9 0, 423819.8 4579455.9 0, 423829.4 4579495.8 0, 423836 4579522.1 0, 423801.7 4579537.5 0, 423762.3 4579555.3 0, 423723.2 4579573.1 0, 423710.7 4579578.1 0, 423689.5 4579586.1 0, 423685.4 4579587.8 0, 423675.9 4579591.3 0, 423669.4 4579596.1 0, 423664.2 4579600.1 0, 423662.4 4579601.7 0, 423661.5 4579606.9 0, 423658.1 4579613.6 0, 423657.2 4579614.9 0, 423655.2 4579617.4 0, 423653.1 4579619.9 0, 423643.8 4579626.3 0, 423643.7 4579626.8 0, 423642 4579632.6 0, 423640.9 4579636.7 0, 423639.1 4579644.5 0, 423638.2 4579651.8 0, 423638.2 4579666.2 0, 423638.3 4579721.9 0, 423638.3 4579730.4 0, 423623.2 4579757.7 0, 423623.3 4579761.3 0, 423627.3 4579762.7 0, 423623.8 4579772.5 0, 423624.2 4579781.7 0, 423624.8 4579797.4 0, 423625.1 4579812.3 0, 423625.2 4579828 0, 423624.9 4579843.2 0, 423624.4 4579856.4 0, 423624 4579865.3 0, 423623.334 4579883.436 0, 423662.25 4579893.538 0, 423630.185 4579989.759 0, 423626.973 4580001.203 0, 423617.073 4580034.704 0, 423680.851 4580117.141 0, 423952.832 4580170.079 0, 424048.982 4580081.758 0, 424057.512 4580068.278 0, 424076.441 4580039.318 0, 424083.591 4580025.008 0, 424094.311 4579999.267 0, 424101.811 4579980.317 0, 424108.961 4579966.367 0, 424117.541 4579951.707 0, 424126.461 4579937.397 0, 424140.411 4579921.317 0, 424157.561 4579904.507 0, 424192.58 4579880.907 0, 424203.68 4579874.886 0, 424213.56 4579871.286 0, 424330.096 4579951.74 0, 424344.168 4579961.47 0, 424384.321 4579898.448 0, 424494.106 4579720.538 0, 424607.732 4579536.002 0))|POLYGON ((2.098586644668873 41.363804289054265 0, 2.0977952498698418 41.363633132293323 0, 2.0973855219961268 41.363528629607039 0, 2.09670867453371 41.363357372972857 0, 2.0952452014181571 41.362935204895493 0, 2.0932302098556015 41.362349240475929 0, 2.0908079817465977 41.36164117870706 0, 2.0904746924004729 41.361542290539113 0, 2.0904523814393596 41.361578459562963 0, 2.0904365060152461 41.361688225894994 0, 2.0902933484060604 41.361837519949944 0, 2.0891770817396935 41.363008675720486 0, 2.0892868363094395 41.363368944541229 0, 2.0893624353132765 41.3636064406537 0, 2.0889504501725007 41.363741895520057 0, 2.0884771918312834 41.363898481615934 0, 2.0880075177196589 41.364055094161635 0, 2.0878574525377482 41.364098942362112 0, 2.0876030019280853 41.3641689853261 0, 2.0875537728485587 41.364183907773963 0, 2.0874397606311077 41.36421453001244 0, 2.0873614495048223 41.364257145061075 0, 2.0872987803928558 41.3642926781042 0, 2.0872770601138058 41.364306917861867 0, 2.0872656461636065 41.364353666436109 0, 2.0872241559831721 41.364413687725843 0, 2.087213232880003 41.364425310858621 0, 2.087189008255343 41.364447637502394 0, 2.0871635881165704 41.364469954657409 0, 2.0870516011202405 41.364526714381505 0, 2.0870503426738161 41.3645312081575 0, 2.0870292889847653 41.364583284739723 0, 2.0870156222961795 41.364620107141825 0, 2.0869931212396846 41.364690187272721 0, 2.0869814426115907 41.364755849506345 0, 2.0869796295542269 41.36488554340243 0, 2.0869738119501751 41.365387216055 0, 2.0869727417114556 41.365463771471532 0, 2.0867887807956778 41.365708216971512 0, 2.0867895229422779 41.365740649926217 0, 2.086837167465311 41.3657536385443 0, 2.0867940900547985 41.365841570371792 0, 2.0867977135281066 41.365924468291354 0, 2.0868029094720013 41.366065927552974 0, 2.0868046195950276 41.366200153134407 0, 2.086803837906809 41.366341564952 0, 2.0867983370423713 41.366478435557106 0, 2.0867906969581056 41.366597274148539 0, 2.0867847939316047 41.36667739420092 0, 2.0867745475371655 41.366840673204457 0, 2.0872385325828748 41.366935348421535 0, 2.0868430641588391 41.367798923025028 0, 2.0868032215165262 41.36790168884604 0, 2.0866806412027179 41.36820247674283 0, 2.0874327736420377 41.368950996340523 0, 2.0906778858900705 41.369453525486 0, 2.0918385086032076 41.368667138456033 0, 2.0919421794550335 41.368546535286157 0, 2.092172115606783 41.368287491878981 0, 2.0922593903204003 41.36815928282055 0, 2.092390777210122 41.3679284567066 0, 2.0924828162131783 41.367758490168207 0, 2.0925700445419024 41.367633523199849 0, 2.0926744578141925 41.367502296326158 0, 2.0927828917509368 41.367374253683408 0, 2.0929516828531081 41.367230743403574 0, 2.093158822026167 41.367080959594773 0, 2.0935804409154075 41.366871703997589 0, 2.0937138988060751 41.3668185208885 0, 2.0938324683186229 41.366787027585474 0, 2.0952156665650605 41.367522602486289 0, 2.0953826913018339 41.367611558786471 0, 2.0958706020118445 41.367047721524123 0, 2.0972052848837346 41.365455672428929 0, 2.098586644668873 41.363804289054265 0))
BAR|Barris|03|00003|Sant Josep|573205.85083007813|POLYGON ((426089.466 4579978.247 0, 426122.033 4579986.162 0, 426181.351 4579996.905 0, 426244.196 4580001.844 0, 426325.094 4579999.442 0, 426387.783 4579994.006 0, 426451.378 4579990.988 0, 426552.529 4579987.146 0, 426459.381 4579979.435 0, 426436.285 4579976.148 0, 426394.745 4579969.276 0, 426357.714 4579958.913 0, 426325.256 4579947.016 0, 426295.213 4579931.363 0, 426269.872 4579916.237 0, 426245.95 4579897.775 0, 426224.84 4579880.152 0, 426194.929 4579848.211 0, 426167.099 4579810.741 0, 426145.588 4579771.942 0, 426128.604 4579729.057 0, 426117.632 4579690.539 0, 426109.65 4579639.689 0, 426107.937 4579628.785 0, 426085.975 4579416.156 0, 425877.204 4579313.604 0, 425841.607 4579296.557 0, 425654.913 4579209.591 0, 425336.413 4579062.295 0, 425302.318 4579132.568 0, 425279.752 4579177.752 0, 425258.391 4579217.698 0, 425256.449 4579231.736 0, 425229.189 4579293.225 0, 425135.597 4579507.746 0, 425113.777 4579556.311 0, 425079.05 4579660.113 0, 425086.028 4579661.686 0, 425337.671 4579698.341 0, 425441.696 4579720.137 0, 425524.916 4579743.915 0, 425636.682 4579785.091 0, 425710.73 4579818.075 0, 425821.896 4579867.733 0, 425834.458 4579873.369 0, 425984.612 4579943.048 0, 426038.346 4579963.519 0, 426089.466 4579978.247 0))|POLYGON ((2.116246777328362 41.3679248048418 0, 2.1166351744371728 41.367999081611494 0, 2.1173430560064133 41.368101281376283 0, 2.1180938137751193 41.36815152572548 0, 2.1190613020746016 41.368137300324982 0, 2.1198114561377484 41.368094075777691 0, 2.1205721479169561 41.36807270706614 0, 2.1217819489865355 41.368047339533646 0, 2.1206692308278008 41.367969385028694 0, 2.1203935001692811 41.367937669962004 0, 2.1198976938016592 41.367871979279712 0, 2.1194562206318706 41.367775256965075 0, 2.1190696084329557 41.367665135410313 0, 2.1187123269503134 41.367521404925213 0, 2.1184111982557292 41.367382850503752 0, 2.1181274415533777 41.367214379321069 0, 2.117877203248911 41.367053721699918 0, 2.1175234882195735 41.366763300275608 0, 2.1171953287450433 41.36642327119835 0, 2.1169428804891131 41.366071851190483 0, 2.1167450542741566 41.365684045123153 0, 2.1166185731766434 41.365336122283416 0, 2.1165293417860931 41.364877404429784 0, 2.1165101911104403 41.364779039305965 0, 2.1162735446475587 41.362861960024127 0, 2.11379026717035 41.361919122367041 0, 2.1133668035588058 41.361762309044195 0, 2.111145617461756 41.360961824781931 0, 2.1073562691204382 41.359605719658212 0, 2.1069400394552122 41.360235476628979 0, 2.1066647140642725 41.360640335962913 0, 2.1064044356778995 41.360998129997057 0, 2.1063794905289135 41.36112438401549 0, 2.1060460336084015 41.361675658141522 0, 2.104900708734692 41.363599059137847 0, 2.1046338571819461 41.364034433678434 0, 2.1042058749786188 41.364966102021057 0, 2.1042891035237892 41.364980918720818 0, 2.1072930163469694 41.365334432167636 0, 2.1085339767453397 41.365540380484866 0, 2.1095259721501991 41.36576224204741 0, 2.110857117940355 41.366143429011949 0, 2.1117383480283163 41.366447338881009 0, 2.1130613102704583 41.366904839014005 0, 2.113210806061816 41.3669567575804 0, 2.1149974706367352 41.367598147607055 0, 2.1156373982251342 41.36778746041162 0, 2.116246777328362 41.3679248048418 0))
BAR|Barris|04|00004|La Torrassa|436470.99096679688|POLYGON ((426118.146 4580133.931 0, 426191.525 4580192.86 0, 426281.637 4580270.708 0, 426440.874 4580408.454 0, 426483.921 4580445.944 0, 426547.339 4580501.954 0, 426577.934 4580529.677 0, 426732.298 4580669.634 0, 426736.844 4580658.705 0, 426760.377 4580605.373 0, 426762.492 4580600.652 0, 426763.288 4580599.083 0, 426763.825 4580598.245 0, 426764.593 4580597.098 0, 426765.51 4580595.944 0, 426766.519 4580594.869 0, 426767.614 4580593.883 0, 426769.13 4580592.69 0, 426776.944 4580587.162 0, 426816.457 4580558.52 0, 426865.075 4580521.544 0, 426885.468 4580502.561 0, 426910.934 4580478.181 0, 426947.49 4580445.912 0, 426957.508 4580436.532 0, 426980.858 4580414.649 0, 426992.293 4580403.995 0, 427018.075 4580379.79 0, 427027.406 4580373.572 0, 427071.9 4580340.368 0, 427087.447 4580329.674 0, 427119.069 4580314.4 0, 427148.712 4580299.833 0, 427178.431 4580278.257 0, 427187.943 4580267.294 0, 427195.559 4580258.438 0, 427234.13 4580214.348 0, 427249.434 4580198.166 0, 427251.372 4580196.238 0, 427193.269 4580147.504 0, 427137.939 4580108.911 0, 427072.429 4580071.307 0, 427004.288 4580039.727 0, 426933.383 4580015.347 0, 426865.794 4579998.756 0, 426800.545 4579987.701 0, 426733.046 4579981.851 0, 426671.482 4579981.09 0, 426610.255 4579983.284 0, 426552.529 4579987.146 0, 426451.378 4579990.988 0, 426387.783 4579994.006 0, 426325.094 4579999.442 0, 426244.196 4580001.844 0, 426181.351 4579996.905 0, 426122.033 4579986.162 0, 426118.146 4580133.931 0))|POLYGON ((2.1165706981267713 41.369329619304352 0, 2.117440841515319 41.36986710052112 0, 2.118508761520673 41.370576503639519 0, 2.120395918868164 41.37183169439971 0, 2.1209060614204329 41.372173284705354 0, 2.1216575325616125 41.372683534317808 0, 2.1220199869995771 41.372936015823 0, 2.1238487471854897 41.374210619781636 0, 2.1239044239785825 41.374112600544478 0, 2.1241922480650812 41.373634402645081 0, 2.1242181069826578 41.37359207496506 0, 2.1242278141160171 41.373578016048761 0, 2.124234336134228 41.373570517386206 0, 2.1242436574916 41.373560256705041 0, 2.1242547612486571 41.373549946535491 0, 2.1242669554804152 41.373540356257735 0, 2.1242801672382754 41.373531575391482 0, 2.1242984377909964 41.37352096846579 0, 2.1243925355609989 41.373471890966471 0, 2.1248684400774605 41.373217517958246 0, 2.1254542116238184 41.372888909348987 0, 2.1257003327997395 41.37271978988651 0, 2.1260077590885667 41.372502521949407 0, 2.1264487318844814 41.372215206734474 0, 2.1265696424074227 41.372131634009634 0, 2.1268514624196975 41.371936661200287 0, 2.1269894676258012 41.371841742157436 0, 2.1273006426611039 41.371626075471191 0, 2.127412956379465 41.371570918432724 0, 2.1279489387354182 41.371275895780229 0, 2.1281361102235063 41.371180987632556 0, 2.1285160295675722 41.371046284643967 0, 2.1288722009126464 41.370917768935804 0, 2.129230121369984 41.370726131621247 0, 2.1293451658361993 41.370628252644082 0, 2.129437287958837 41.3705491789885 0, 2.1299037428893834 41.370155565201429 0, 2.1300886614851775 41.3700112035131 0, 2.1301120637870667 41.36999401391698 0, 2.1294232288558468 41.369549831861839 0, 2.1287663386156708 41.369197232854717 0, 2.1279876254027079 41.36885261543263 0, 2.1271767394740846 41.368562010052848 0, 2.1263319474462516 41.368335995730462 0, 2.1255258672835415 41.368180429023923 0, 2.1247470992383475 41.368074930082187 0, 2.1239408045053327 41.3680161004877 0, 2.12320485319779 41.368003640547428 0, 2.1224725737029813 41.368017821139738 0, 2.1217819489865355 41.368047339533646 0, 2.1205721479169561 41.36807270706614 0, 2.1198114561377484 41.368094075777691 0, 2.1190613020746016 41.368137300324982 0, 2.1180938137751193 41.36815152572548 0, 2.1173430560064133 41.368101281376283 0, 2.1166351744371728 41.367999081611494 0, 2.1165706981267713 41.369329619304352 0))
BAR|Barris|05|00005|Collblanc|512697.24621582031|POLYGON ((425527.417 4580875.092 0, 425542.827 4580873.657 0, 426228.34 4580848.51 0, 426389.886 4580973.097 0, 426502.855 4581060.227 0, 426535.216 4581090.766 0, 426538.99 4581074.584 0, 426542.456 4581057.399 0, 426546.486 4581044.66 0, 426551.567 4581019.098 0, 426552.138 4581010.108 0, 426547.938 4580882.594 0, 426551.405 4580866.934 0, 426554.705 4580856.882 0, 426565.875 4580823.016 0, 426585.125 4580805.483 0, 426681.712 4580741.748 0, 426685.019 4580737.644 0, 426703.332 4580714.362 0, 426711.846 4580703.467 0, 426719.469 4580693.073 0, 426725.09 4580684.213 0, 426729.109 4580676.817 0, 426730.286 4580674.469 0, 426732.298 4580669.634 0, 426577.934 4580529.677 0, 426547.339 4580501.954 0, 426483.921 4580445.944 0, 426440.874 4580408.454 0, 426281.637 4580270.708 0, 426191.525 4580192.86 0, 426118.146 4580133.931 0, 426089.945 4580174.184 0, 426013.819 4580276.678 0, 425924.915 4580396.007 0, 425724.092 4580663.329 0, 425691.26 4580694.162 0, 425657.423 4580713.6 0, 425618.895 4580728.346 0, 425585.434 4580738.323 0, 425548.959 4580750.489 0, 425526.556 4580752.365 0, 425526.772 4580780.874 0, 425527.417 4580875.092 0))|POLYGON ((2.1094169304554264 41.37595049473137 0, 2.10960136641495 41.375938996264907 0, 2.1178012208282957 41.375775642471588 0, 2.1197177205981639 41.376912538669025 0, 2.1210579665016254 41.37770760830184 0, 2.1214412218600494 41.377985615505871 0, 2.1214883110268454 41.377840215495958 0, 2.1215318386267246 41.3776857537393 0, 2.1215815712230057 41.377571386723808 0, 2.1216454248350241 41.377341624159619 0, 2.121653341934123 41.377260707066277 0, 2.1216185731408155 41.376111857740682 0, 2.1216619263797405 41.375971131013024 0, 2.1217026030817507 41.375880897971946 0, 2.1218402675049868 41.375576900191376 0, 2.1220725655931933 41.375420744013645 0, 2.123235174560576 41.374855514364249 0, 2.1232752126975556 41.374818852581456 0, 2.1234969961338166 41.374610829171687 0, 2.1236001148016896 41.374513477708327 0, 2.1236925189861391 41.374420557320811 0, 2.1237607997712735 41.374341270693705 0, 2.1238097485046072 41.374275023828105 0, 2.1238241055583904 41.374253983498832 0, 2.1238487471854897 41.374210619781636 0, 2.1220199869995771 41.372936015823 0, 2.1216575325616125 41.372683534317808 0, 2.1209060614204329 41.372173284705354 0, 2.120395918868164 41.37183169439971 0, 2.118508761520673 41.370576503639519 0, 2.117440841515319 41.36986710052112 0, 2.1165706981267713 41.369329619304352 0, 2.1162286215151838 41.369689572377879 0, 2.1153059506398146 41.370605699199729 0, 2.1142284185991396 41.371672268024952 0, 2.1117945515323426 41.374061414245205 0, 2.1113982060067027 41.374336082874407 0, 2.1109912379148881 41.3745080274479 0, 2.1105287534980688 41.374637278204844 0, 2.1101274385031061 41.374724043334396 0, 2.1096898153901296 41.374830243586345 0, 2.1094217134684339 41.374845067013609 0, 2.1094207936663909 41.375101855029023 0, 2.1094169304554264 41.37595049473137 0))
BAR|Barris|06|00006|Santa Eulàlia|1631225.7589111328|POLYGON ((426182.32 4579169.486 0, 426056.298 4579061.921 0, 426080.245 4579359.24 0, 426085.975 4579416.156 0, 426107.937 4579628.785 0, 426109.65 4579639.689 0, 426117.632 4579690.539 0, 426128.604 4579729.057 0, 426145.588 4579771.942 0, 426167.099 4579810.741 0, 426194.929 4579848.211 0, 426224.84 4579880.152 0, 426245.95 4579897.775 0, 426269.872 4579916.237 0, 426295.213 4579931.363 0, 426325.256 4579947.016 0, 426357.714 4579958.913 0, 426394.745 4579969.276 0, 426436.285 4579976.148 0, 426459.381 4579979.435 0, 426552.529 4579987.146 0, 426610.255 4579983.284 0, 426671.482 4579981.09 0, 426733.046 4579981.851 0, 426800.545 4579987.701 0, 426865.794 4579998.756 0, 426933.383 4580015.347 0, 427004.288 4580039.727 0, 427072.429 4580071.307 0, 427137.939 4580108.911 0, 427193.269 4580147.504 0, 427251.372 4580196.238 0, 427255.868 4580191.764 0, 427262.072 4580185.129 0, 427268.366 4580177.779 0, 427276.436 4580167.194 0, 427280.805 4580160.975 0, 427284.679 4580155.166 0, 427290.116 4580146.747 0, 427295.477 4580137.926 0, 427299.288 4580130.814 0, 427303.871 4580121.99 0, 427313.468 4580104.587 0, 427327.843 4580076.95 0, 427336.908 4580058.485 0, 427345.497 4580040.037 0, 427359.565 4580008.777 0, 427363.992 4579998.559 0, 427376.133 4579970.506 0, 427397.428 4579890.579 0, 427408.238 4579837.592 0, 427478.362 4579699.261 0, 427476.705 4579679.577 0, 427478.811 4579673.639 0, 427532.503 4579522.068 0, 427540.699 4579485.035 0, 427555.172 4579470.27 0, 427461.523 4579382.048 0, 427427.179 4579346.984 0, 427391.132 4579305.713 0, 427386.76 4579300.909 0, 427347.04 4579257.299 0, 427311.839 4579221.62 0, 427281.458 4579191.421 0, 427250.654 4579161.306 0, 427208.411 4579119.827 0, 427191.547 4579102.369 0, 427128.673 4579042.151 0, 427050.534 4578965.952 0, 427015.965 4578932.468 0, 427113.176 4578712.247 0, 427022.079 4578622.944 0, 426928.162 4578535.476 0, 426839.707 4578463.022 0, 426661.85 4578319.374 0, 426423.727 4578137.614 0, 426318.273 4578248.623 0, 426352.159 4578282.956 0, 426508.88 4578436.354 0, 426542.145 4578467.543 0, 426535.952 4578479.981 0, 426525.076 4578501.817 0, 426521.782 4578508.425 0, 426519.565 4578512.228 0, 426518.213 4578514.85 0, 426517.922 4578515.597 0, 426517.734 4578516.214 0, 426517.58 4578516.842 0, 426517.395 4578518.005 0, 426517.311 4578519.071 0, 426517.873 4578525.93 0, 426519.996 4578533.335 0, 426522.299 4578541.307 0, 426522.844 4578543.266 0, 426523.877 4578547.2 0, 426524.602 4578550.914 0, 426524.854 4578552.653 0, 426525.243 4578556.145 0, 426525.515 4578559.873 0, 426525.592 4578566.724 0, 426524.687 4578575.881 0, 426524.606 4578587.136 0, 426518.113 4578596.123 0, 426503.172 4578626.866 0, 426496.75 4578639.972 0, 426432.155 4578771.755 0, 426410.009 4578821.499 0, 426387.368 4578867.191 0, 426346.42 4578950.243 0, 426517.706 4579034.431 0, 426509.536 4579051.401 0, 426477.539 4579117.977 0, 426468.893 4579135.928 0, 426287.4 4579069.454 0, 426235.656 4579157.331 0, 426212.241 4579196.01 0, 426182.32 4579169.486 0))|POLYGON ((2.1174553459640362 41.360649141278742 0, 2.1159619434050807 41.359668782776453 0, 2.11621197996414 41.362348814516047 0, 2.1162735446475587 41.362861960024127 0, 2.1165101911104403 41.364779039305965 0, 2.1165293417860931 41.364877404429784 0, 2.1166185731766434 41.365336122283416 0, 2.1167450542741566 41.365684045123153 0, 2.1169428804891131 41.366071851190483 0, 2.1171953287450433 41.36642327119835 0, 2.1175234882195735 41.366763300275608 0, 2.117877203248911 41.367053721699918 0, 2.1181274415533777 41.367214379321069 0, 2.1184111982557292 41.367382850503752 0, 2.1187123269503134 41.367521404925213 0, 2.1190696084329557 41.367665135410313 0, 2.1194562206318706 41.367775256965075 0, 2.1198976938016592 41.367871979279712 0, 2.1203935001692811 41.367937669962004 0, 2.1206692308278008 41.367969385028694 0, 2.1217819489865355 41.368047339533646 0, 2.1224725737029813 41.368017821139738 0, 2.12320485319779 41.368003640547428 0, 2.1239408045053327 41.3680161004877 0, 2.1247470992383475 41.368074930082187 0, 2.1255258672835415 41.368180429023923 0, 2.1263319474462516 41.368335995730462 0, 2.1271767394740846 41.368562010052848 0, 2.1279876254027079 41.36885261543263 0, 2.1287663386156708 41.369197232854717 0, 2.1294232288558468 41.369549831861839 0, 2.1301120637870667 41.36999401391698 0, 2.1301663552918058 41.369954124653646 0, 2.1302413270090161 41.3698949264129 0, 2.1303174604047612 41.369829296521331 0, 2.1304152156541236 41.369734690628455 0, 2.1304681976157309 41.36967907319157 0, 2.130515212068453 41.369627103724845 0, 2.1305812267304578 41.369551768151652 0, 2.1306463807827027 41.369472805011974 0, 2.1306927979419665 41.369409094151081 0, 2.1307486503017006 41.369330033658919 0, 2.1308654782692584 41.36917415812885 0, 2.1310406577379 41.368926540094172 0, 2.1311512509956687 41.368761051185054 0, 2.1312561506547714 41.368595672307855 0, 2.1314280906318985 41.368315394921161 0, 2.1314822430230693 41.368223764728256 0, 2.1316307582080012 41.367972197359435 0, 2.1318949254745174 41.367254245728304 0, 2.1320305086186693 41.3667779864688 0, 2.1328854213998509 41.365538410776935 0, 2.1328679652904743 41.365360974960147 0, 2.1328938531779595 41.3653076833011 0, 2.133553866471253 41.363947373724017 0, 2.133656274103767 41.363614568673938 0, 2.1338310619325549 41.36348288815929 0, 2.1327220441633479 41.362679872373945 0, 2.132315663972371 41.362360968648304 0, 2.1318896719275093 41.361986005744463 0, 2.1318379812130144 41.361942343575876 0, 2.1313683655773432 41.361545980979919 0, 2.1309518277050596 41.361221456095755 0, 2.1305922575544205 41.360946721417328 0, 2.13022762363459 41.3606727039695 0, 2.1297276103592218 41.3602952999454 0, 2.1295281075357857 41.360136537392329 0, 2.1287837252480455 41.359588488218833 0, 2.1278587975453274 41.358895116522859 0, 2.1274495848918078 41.358590405959433 0, 2.1286381044080009 41.356615761222123 0, 2.1275599018737683 41.355803191308645 0, 2.1264477966854209 41.355006882742252 0, 2.1253991969723813 41.354346285358559 0, 2.1232905895508845 41.353036324444965 0, 2.1204663427318851 41.351377561801172 0, 2.1191924067547809 41.352367737472463 0, 2.1195932750340738 41.352680061123451 0, 2.1214479727714477 41.35407597512615 0, 2.1218418199427482 41.35435991757241 0, 2.1217662877224113 41.354471377033846 0, 2.1216336400818729 41.354667053431214 0, 2.1215934657637883 41.354726268649848 0, 2.1215665047641643 41.354760318549282 0, 2.1215500263712697 41.354783810549158 0, 2.1215464574965881 41.354790511943115 0, 2.1215441355556153 41.35479605187443 0, 2.1215422186949793 41.354801693980896 0, 2.1215398664932734 41.35481215180112 0, 2.1215387333229145 41.354821745194869 0, 2.1215446204770974 41.354883572890706 0, 2.1215691006943134 41.354950460632786 0, 2.121595663905834 41.355022471546917 0, 2.12160194126888 41.355040165243693 0, 2.121613812725494 41.355075691541494 0, 2.1216220291946781 41.35510920828014 0, 2.1216248308725012 41.355124893786169 0, 2.1216290578976684 41.355156380398341 0, 2.1216318578034183 41.355189981898093 0, 2.1216319486421993 41.355251693283648 0, 2.1216200219961712 41.355334084340576 0, 2.1216176908972342 41.355435446466068 0, 2.1215389889081888 41.355515796522994 0, 2.1213566686166745 41.3557913235676 0, 2.1212783155997021 41.355908778178126 0, 2.1204901994669 41.357089798588355 0, 2.1202194385982649 41.357535800069591 0, 2.1199432484509519 41.357945260797194 0, 2.1194436780053683 41.358689533444078 0, 2.1214810383520044 41.359463431718659 0, 2.1213813170209912 41.359615528313284 0, 2.1209907498405332 41.360212231487118 0, 2.1208852170291546 41.360373119630133 0, 2.1187236669673974 41.359757819399057 0, 2.1180944226185616 41.360544554117155 0, 2.1178098065128448 41.360890775036012 0, 2.1174553459640362 41.360649141278742 0))
BAR|Barris|07|00007|La Florida|378464.45300292969|POLYGON ((425115.465 4580363.365 0, 425254.767 4580571.03 0, 425319.045 4580624.029 0, 425384.877 4580668.63 0, 425439.229 4580705.173 0, 425473.653 4580725.948 0, 425506.332 4580743.414 0, 425526.556 4580752.365 0, 425548.959 4580750.489 0, 425585.434 4580738.323 0, 425618.895 4580728.346 0, 425657.423 4580713.6 0, 425691.26 4580694.162 0, 425724.092 4580663.329 0, 425924.915 4580396.007 0, 426013.819 4580276.678 0, 426089.945 4580174.184 0, 426118.146 4580133.931 0, 425639.143 4580121.621 0, 425637.045 4580121.914 0, 425552.826 4580132.612 0, 425523.706 4580136.969 0, 425405.119 4580170.903 0, 425340.687 4580196.676 0, 425317.753 4580211.965 0, 425284.336 4580234.792 0, 425115.465 4580363.365 0))|POLYGON ((2.10455437486292 41.371303370889557 0, 2.1061943070320419 41.373186666101837 0, 2.1069563267388989 41.373669971734039 0, 2.1077379723110865 41.374077779402995 0, 2.1083833538415577 41.374411943462995 0, 2.108792402902091 41.374602243313454 0, 2.1091809961456782 41.374762577494948 0, 2.1094217134684339 41.374845067013609 0, 2.1096898153901296 41.374830243586345 0, 2.1101274385031061 41.374724043334396 0, 2.1105287534980688 41.374637278204844 0, 2.1109912379148881 41.3745080274479 0, 2.1113982060067027 41.374336082874407 0, 2.1117945515323426 41.374061414245205 0, 2.1142284185991396 41.371672268024952 0, 2.1153059506398146 41.370605699199729 0, 2.1162286215151838 41.369689572377879 0, 2.1165706981267713 41.369329619304352 0, 2.110845272944895 41.369174639125333 0, 2.1108201535042213 41.369177084229577 0, 2.1098119250686924 41.3692656515175 0, 2.1094632333341039 41.369302199299007 0, 2.108041240862482 41.369596846924232 0, 2.1072677196916505 41.369822999281382 0, 2.1069916371826283 41.369958573030353 0, 2.1065892891893938 41.370161064527515 0, 2.10455437486292 41.371303370889557 0))
BAR|Barris|08|00008|Les Planes|422287.30151367188|POLYGON ((425004.415 4580120.201 0, 425001.098 4580139.369 0, 425000.096 4580146.836 0, 424999.681 4580153.144 0, 424999.654 4580159.409 0, 425000.684 4580170.636 0, 425002.323 4580179.294 0, 425002.851 4580181.62 0, 425004.898 4580188.4 0, 425005.851 4580191.084 0, 425007.122 4580194.368 0, 425008.12 4580196.795 0, 425009.138 4580199.009 0, 425009.669 4580200.115 0, 425011.571 4580203.79 0, 425013.74 4580207.642 0, 425015.945 4580211.165 0, 425115.465 4580363.365 0, 425284.336 4580234.792 0, 425317.753 4580211.965 0, 425340.687 4580196.676 0, 425405.119 4580170.903 0, 425523.706 4580136.969 0, 425552.826 4580132.612 0, 425637.045 4580121.914 0, 425639.143 4580121.621 0, 426118.146 4580133.931 0, 426122.033 4579986.162 0, 426089.466 4579978.247 0, 426038.346 4579963.519 0, 425984.612 4579943.048 0, 425834.458 4579873.369 0, 425821.896 4579867.733 0, 425710.73 4579818.075 0, 425636.682 4579785.091 0, 425524.916 4579743.915 0, 425441.696 4579720.137 0, 425337.671 4579698.341 0, 425086.028 4579661.686 0, 425079.05 4579660.113 0, 425004.415 4580120.201 0))|POLYGON ((2.10325670638168 41.369102961774132 0, 2.1032146779071406 41.369275290348284 0, 2.1032017744985856 41.3693424489235 0, 2.1031960325520296 41.369399223596041 0, 2.103194934818315 41.369455647139 0, 2.103205860772789 41.369556859688657 0, 2.1032243857029913 41.369634991144189 0, 2.1032304107610535 41.369655989583805 0, 2.1032540460701616 41.369717244741871 0, 2.1032651081633649 41.36974150712377 0, 2.1032798980634646 41.36977120306463 0, 2.1032915299808095 41.369793154952404 0, 2.1033034273693492 41.369813190306473 0, 2.1033096392221831 41.369823201026179 0, 2.1033319250486691 41.36985647731067 0, 2.1033573812654569 41.369891372625105 0, 2.1033833086127025 41.369923308131668 0, 2.10455437486292 41.371303370889557 0, 2.1065892891893938 41.370161064527515 0, 2.1069916371826283 41.369958573030353 0, 2.1072677196916505 41.369822999281382 0, 2.108041240862482 41.369596846924232 0, 2.1094632333341039 41.369302199299007 0, 2.1098119250686924 41.3692656515175 0, 2.1108201535042213 41.369177084229577 0, 2.110845272944895 41.369174639125333 0, 2.1165706981267713 41.369329619304352 0, 2.1166351744371728 41.367999081611494 0, 2.116246777328362 41.3679248048418 0, 2.1156373982251342 41.36778746041162 0, 2.1149974706367352 41.367598147607055 0, 2.113210806061816 41.3669567575804 0, 2.1130613102704583 41.366904839014005 0, 2.1117383480283163 41.366447338881009 0, 2.110857117940355 41.366143429011949 0, 2.1095259721501991 41.36576224204741 0, 2.1085339767453397 41.365540380484866 0, 2.1072930163469694 41.365334432167636 0, 2.1042891035237892 41.364980918720818 0, 2.1042058749786188 41.364966102021057 0, 2.10325670638168 41.369102961774132 0))
BAR|Barris|09|00009|Can Serra|286751.99560546875|POLYGON ((424373.701 4579983.975 0, 424663.134 4580072.67 0, 424713.162 4580080.09 0, 425004.415 4580120.201 0, 425079.05 4579660.113 0, 424984.974 4579638.899 0, 424607.732 4579536.002 0, 424494.106 4579720.538 0, 424384.321 4579898.448 0, 424344.168 4579961.47 0, 424373.701 4579983.975 0))|POLYGON ((2.0957329687399526 41.367817026074633 0, 2.0991823016179638 41.368643001909312 0, 2.0997795041266603 41.36871451121862 0, 2.10325670638168 41.369102961774132 0, 2.1042058749786188 41.364966102021057 0, 2.1030838090500792 41.364766276190963 0, 2.098586644668873 41.363804289054265 0, 2.0972052848837346 41.365455672428929 0, 2.0958706020118445 41.367047721524123 0, 2.0953826913018339 41.367611558786471 0, 2.0957329687399526 41.367817026074633 0))
BAR|Barris|10|00010|Pubilla Cases|642634.39306640625|POLYGON ((424713.162 4580080.09 0, 424663.134 4580072.67 0, 424621.108 4580240.439 0, 424808.796 4580589.76 0, 424830.922 4580632.995 0, 424833.213 4580637.065 0, 424833.284 4580637.402 0, 424843.776 4580656.989 0, 424843.763 4580657.499 0, 424843.694 4580662.227 0, 424843.674 4580666.331 0, 424843.727 4580710.517 0, 424801.684 4580800.061 0, 424785.51 4580830.154 0, 424776.433 4580850.535 0, 424743.808 4580922.67 0, 424734.319 4580944.824 0, 424759.559 4580943.074 0, 424777.69 4580988.794 0, 424796.78 4581005.624 0, 424811.32 4581027.454 0, 424815.86 4581042.234 0, 424817.47 4581048.614 0, 424849.94 4581079.753 0, 424916.181 4581077.763 0, 424903.451 4581120.283 0, 424898.911 4581135.063 0, 424889.141 4581171.443 0, 424885.961 4581184.293 0, 424879.822 4581211.013 0, 424874.65 4581226.598 0, 424841.377 4581259.672 0, 424839.249 4581275.419 0, 424846.032 4581285.284 0, 424881.332 4581307.744 0, 424912.452 4581329.593 0, 424917.903 4581334.983 0, 424923.813 4581342.773 0, 424943.933 4581371.063 0, 424960.403 4581397.625 0, 424962.968 4581404.891 0, 424967.487 4581396.602 0, 425010.764 4581361.093 0, 425017.284 4581359.988 0, 425023.607 4581358.505 0, 425028.471 4581357.142 0, 425032.583 4581355.788 0, 425036.305 4581354.413 0, 425040.969 4581352.479 0, 425045.871 4581350.175 0, 425050.128 4581348.071 0, 425055.838 4581344.866 0, 425060.344 4581341.997 0, 425064.233 4581339.26 0, 425067.586 4581336.686 0, 425070.879 4581333.853 0, 425075.972 4581329.309 0, 425082.75 4581322.93 0, 425146.654 4581259.446 0, 425160.052 4581257.211 0, 425181.792 4581254.491 0, 425189.942 4581251.771 0, 425196.582 4581248.451 0, 425224.222 4581236.361 0, 425262.272 4581214.6 0, 425278.272 4581204.93 0, 425307.872 4581188.61 0, 425345.312 4581170.48 0, 425404.802 4581143.579 0, 425432.182 4581130.299 0, 425434.848 4581121.998 0, 425441.393 4581105.82 0, 425456.333 4581105.82 0, 425482.893 4581084.24 0, 425497.832 4581060.586 0, 425534.352 4580997.091 0, 425527.296 4580983.811 0, 425539.331 4580926.957 0, 425542.974 4580877.262 0, 425542.827 4580873.657 0, 425527.417 4580875.092 0, 425526.772 4580780.874 0, 425526.556 4580752.365 0, 425506.332 4580743.414 0, 425473.653 4580725.948 0, 425439.229 4580705.173 0, 425384.877 4580668.63 0, 425319.045 4580624.029 0, 425254.767 4580571.03 0, 425115.465 4580363.365 0, 425015.945 4580211.165 0, 425013.74 4580207.642 0, 425011.571 4580203.79 0, 425009.669 4580200.115 0, 425009.138 4580199.009 0, 425008.12 4580196.795 0, 425007.122 4580194.368 0, 425005.851 4580191.084 0, 425004.898 4580188.4 0, 425002.851 4580181.62 0, 425002.323 4580179.294 0, 425000.684 4580170.636 0, 424999.654 4580159.409 0, 424999.681 4580153.144 0, 425000.096 4580146.836 0, 425001.098 4580139.369 0, 425004.415 4580120.201 0, 424713.162 4580080.09 0))|POLYGON ((2.0997795041266603 41.36871451121862 0, 2.0991823016179638 41.368643001909312 0, 2.0986589919178158 41.370150086092217 0, 2.1008596777277551 41.373313816364181 0, 2.1011188694331153 41.373705281090444 0, 2.1011457576117269 41.373742151695339 0, 2.101146564753364 41.373745193531242 0, 2.1012695863466719 41.373922584539834 0, 2.1012693676810752 41.373927176662164 0, 2.1012679565048193 41.373969753148216 0, 2.1012672085694062 41.374006714127837 0, 2.1012623641893291 41.374404682115809 0, 2.1007485547720117 41.375207236259236 0, 2.1005514285209519 41.375476758498387 0, 2.1004403652915697 41.375659472312712 0, 2.1000413101548596 41.376306108457293 0, 2.0999250975221839 41.376504751775556 0, 2.1002271150184453 41.376491350656629 0, 2.1004382374040178 41.376904824487966 0, 2.1006644140428543 41.377058188751249 0, 2.1008355655375692 41.377256160127857 0, 2.1008880185967382 41.3773897009168 0, 2.1009064786043097 41.377447313037379 0, 2.1012908744090235 41.377730800597028 0, 2.1020831944779457 41.377719061172947 0, 2.1019257078055382 41.3781008312163 0, 2.1018695892531003 41.378233524116979 0, 2.1017482555095071 41.378560269986828 0, 2.1017086377563285 41.378675707125652 0, 2.1016319180368761 41.378915788648939 0, 2.1015681411127956 41.379055672628738 0, 2.1011661712091496 41.379350447503789 0, 2.1011387722154837 41.379492074604713 0, 2.1012186584489116 41.3795815576235 0, 2.1016379844943773 41.379787140683149 0, 2.1020074050188637 41.379986829172019 0, 2.1020719195659745 41.380035883064245 0, 2.10214162556031 41.380106595431236 0, 2.102378714545126 41.3803632673816 0, 2.102572372717459 41.380604035156978 0, 2.102602145250335 41.380669715853159 0, 2.1026572097116554 41.380595482116391 0, 2.1031791091456942 41.380279703618456 0, 2.1032572115241677 41.380270359029247 0, 2.1033330049367778 41.380257591558689 0, 2.1033913368743069 41.380245768877941 0, 2.1034406753256207 41.380233957161089 0, 2.103485352770929 41.380221919950365 0, 2.1035413636950171 41.380204935826434 0, 2.1036002663345674 41.380184641426972 0, 2.1036514313554546 41.380166088222907 0, 2.10372010733192 41.380137754135347 0, 2.103774344396601 41.380112334066531 0, 2.1038211870795664 41.380088045372275 0, 2.1038616001470998 41.3800651748078 0, 2.1039013277361942 41.380039965947773 0, 2.1039627910054852 41.379999514499062 0, 2.104044630046066 41.379942692907285 0, 2.1048166265428527 41.379376869114715 0, 2.1049771126489949 41.379357985765033 0, 2.1052374101499707 41.379335509731554 0, 2.1053352016206834 41.379311769710462 0, 2.1054150108780156 41.379282485303072 0, 2.105747014720218 41.379176165265093 0, 2.1062046898690765 41.37898370892885 0, 2.1063972052201096 41.378898101586941 0, 2.1067531638720314 41.37875386291531 0, 2.1072030917349003 41.378594048689038 0, 2.1079177620184253 41.378357280636813 0, 2.1082467946203587 41.378240211381133 0, 2.1082796947437261 41.3781656950412 0, 2.1083599470803835 41.37802059350021 0, 2.1085385925227178 41.3780219776567 0, 2.1088588376415278 41.377830076254106 0, 2.109040378198713 41.377618418486264 0, 2.1094848653503 41.377049927563988 0, 2.1094021259605444 41.376929667505095 0, 2.1095530167029746 41.376418722371476 0, 2.1096026812942035 41.375971478511744 0, 2.10960136641495 41.375938996264907 0, 2.1094169304554264 41.37595049473137 0, 2.1094207936663909 41.375101855029023 0, 2.1094217134684339 41.374845067013609 0, 2.1091809961456782 41.374762577494948 0, 2.108792402902091 41.374602243313454 0, 2.1083833538415577 41.374411943462995 0, 2.1077379723110865 41.374077779402995 0, 2.1069563267388989 41.373669971734039 0, 2.1061943070320419 41.373186666101837 0, 2.10455437486292 41.371303370889557 0, 2.1033833086127025 41.369923308131668 0, 2.1033573812654569 41.369891372625105 0, 2.1033319250486691 41.36985647731067 0, 2.1033096392221831 41.369823201026179 0, 2.1033034273693492 41.369813190306473 0, 2.1032915299808095 41.369793154952404 0, 2.1032798980634646 41.36977120306463 0, 2.1032651081633649 41.36974150712377 0, 2.1032540460701616 41.369717244741871 0, 2.1032304107610535 41.369655989583805 0, 2.1032243857029913 41.369634991144189 0, 2.103205860772789 41.369556859688657 0, 2.103194934818315 41.369455647139 0, 2.1031960325520296 41.369399223596041 0, 2.1032017744985856 41.3693424489235 0, 2.1032146779071406 41.369275290348284 0, 2.10325670638168 41.369102961774132 0, 2.0997795041266603 41.36871451121862 0))
BAR|Barris|11|00011|El Gornal|422663.50402832031|POLYGON ((425989.881 4577958.161 0, 425962.643 4577931.53 0, 425963.277 4577942.608 0, 425978.136 4578121.926 0, 425985.981 4578216.264 0, 425998.861 4578372.75 0, 426000.964 4578396.436 0, 426050.044 4578986.668 0, 426056.298 4579061.921 0, 426182.32 4579169.486 0, 426212.241 4579196.01 0, 426235.656 4579157.331 0, 426287.4 4579069.454 0, 426468.893 4579135.928 0, 426477.539 4579117.977 0, 426509.536 4579051.401 0, 426517.706 4579034.431 0, 426346.42 4578950.243 0, 426387.368 4578867.191 0, 426410.009 4578821.499 0, 426432.155 4578771.755 0, 426496.75 4578639.972 0, 426503.172 4578626.866 0, 426518.113 4578596.123 0, 426524.606 4578587.136 0, 426524.687 4578575.881 0, 426525.592 4578566.724 0, 426525.515 4578559.873 0, 426525.243 4578556.145 0, 426524.854 4578552.653 0, 426524.602 4578550.914 0, 426523.877 4578547.2 0, 426522.844 4578543.266 0, 426522.299 4578541.307 0, 426519.996 4578533.335 0, 426517.873 4578525.93 0, 426517.311 4578519.071 0, 426517.395 4578518.005 0, 426517.58 4578516.842 0, 426517.734 4578516.214 0, 426517.922 4578515.597 0, 426518.213 4578514.85 0, 426519.565 4578512.228 0, 426521.782 4578508.425 0, 426525.076 4578501.817 0, 426535.952 4578479.981 0, 426542.145 4578467.543 0, 426508.88 4578436.354 0, 426352.159 4578282.956 0, 426318.273 4578248.623 0, 426240.799 4578175.385 0, 426215.159 4578153.424 0, 426117.018 4578076.822 0, 426058.359 4578025.373 0, 425989.881 4577958.161 0))|POLYGON ((2.1153026046548633 41.349721548933665 0, 2.1149802945219367 41.349479190595616 0, 2.1149865210077223 41.349579024138762 0, 2.1151422512084581 41.351195437601454 0, 2.1152245146809268 41.352045824227275 0, 2.1153593846794991 41.353456416075808 0, 2.1153816336283233 41.353669939835193 0, 2.1158963549861762 41.358990434706627 0, 2.1159619434050807 41.359668782776453 0, 2.1174553459640362 41.360649141278742 0, 2.1178098065128448 41.360890775036012 0, 2.1180944226185616 41.360544554117155 0, 2.1187236669673974 41.359757819399057 0, 2.1208852170291546 41.360373119630133 0, 2.1209907498405332 41.360212231487118 0, 2.1213813170209912 41.359615528313284 0, 2.1214810383520044 41.359463431718659 0, 2.1194436780053683 41.358689533444078 0, 2.1199432484509519 41.357945260797194 0, 2.1202194385982649 41.357535800069591 0, 2.1204901994669 41.357089798588355 0, 2.1212783155997021 41.355908778178126 0, 2.1213566686166745 41.3557913235676 0, 2.1215389889081888 41.355515796522994 0, 2.1216176908972342 41.355435446466068 0, 2.1216200219961712 41.355334084340576 0, 2.1216319486421993 41.355251693283648 0, 2.1216318578034183 41.355189981898093 0, 2.1216290578976684 41.355156380398341 0, 2.1216248308725012 41.355124893786169 0, 2.1216220291946781 41.35510920828014 0, 2.121613812725494 41.355075691541494 0, 2.12160194126888 41.355040165243693 0, 2.121595663905834 41.355022471546917 0, 2.1215691006943134 41.354950460632786 0, 2.1215446204770974 41.354883572890706 0, 2.1215387333229145 41.354821745194869 0, 2.1215398664932734 41.35481215180112 0, 2.1215422186949793 41.354801693980896 0, 2.1215441355556153 41.35479605187443 0, 2.1215464574965881 41.354790511943115 0, 2.1215500263712697 41.354783810549158 0, 2.1215665047641643 41.354760318549282 0, 2.1215934657637883 41.354726268649848 0, 2.1216336400818729 41.354667053431214 0, 2.1217662877224113 41.354471377033846 0, 2.1218418199427482 41.35435991757241 0, 2.1214479727714477 41.35407597512615 0, 2.1195932750340738 41.352680061123451 0, 2.1191924067547809 41.352367737472463 0, 2.1182752717846105 41.351701019340396 0, 2.1179714734893973 41.351500876505476 0, 2.1168077487546659 41.350801955008038 0, 2.1161128909489211 41.350333190746568 0, 2.1153026046548633 41.349721548933665 0))
BAR|Barris|12|00012|Bellvitge|2852800.0834960938|POLYGON ((424738.012 4576452.208 0, 424559.414 4576589.663 0, 424520.486 4576618.596 0, 424485.359 4576650.504 0, 424447.252 4576685.292 0, 424400.746 4576723.651 0, 424356.548 4576756.644 0, 424313.899 4576785.743 0, 424267.356 4576816.375 0, 424226.141 4576841.386 0, 424182.068 4576868.608 0, 424136.766 4576894.458 0, 424089.422 4576920.142 0, 424044.142 4576943.822 0, 423996.324 4576968.436 0, 423951.256 4576989.959 0, 423900.966 4577013.481 0, 423849.197 4577035.084 0, 423823.264 4577045.552 0, 423823.3 4577045.6 0, 423826.9 4577050.9 0, 423831.7 4577058.1 0, 423835.6 4577064 0, 423840.2 4577071 0, 423843.6 4577076.4 0, 423849.2 4577085.2 0, 423852.2 4577090.2 0, 423856.1 4577096.5 0, 423862.5 4577106.8 0, 423867.2 4577114.9 0, 423871.5 4577122.3 0, 423875.5 4577129.2 0, 423879.8 4577136.6 0, 423889.6 4577154.2 0, 423895.5 4577164.7 0, 423898.4 4577170.3 0, 423905.7 4577184.2 0, 423911.5 4577195.5 0, 423916.2 4577204.5 0, 423924.8 4577222.4 0, 423930.5 4577234.3 0, 423934.8 4577243.4 0, 423940.3 4577255.6 0, 423945 4577266.2 0, 423949.5 4577276.2 0, 423953.6 4577285.6 0, 423957.4 4577294.9 0, 423962.3 4577306.6 0, 423963.4 4577309.4 0, 423964.8 4577312.8 0, 423966.4 4577317.2 0, 423967.5 4577320 0, 423968.9 4577323.7 0, 423970.2 4577327.2 0, 423971.6 4577331 0, 423973.4 4577335.7 0, 423974.9 4577339.5 0, 423976.2 4577343 0, 423978.2 4577348.3 0, 423979.5 4577351.7 0, 423981.9 4577358.1 0, 423982.5 4577359.8 0, 423984.8 4577366.8 0, 423987.9 4577375.9 0, 423990.9 4577384.8 0, 423993.9 4577393.9 0, 423998.5 4577407.5 0, 424001.2 4577416.1 0, 424005.1 4577429.4 0, 424008.2 4577439.6 0, 424011.7 4577451.4 0, 424015.3 4577464.5 0, 424019 4577477.6 0, 424020.6 4577483.4 0, 424025.5 4577504.3 0, 424029 4577519.2 0, 424034 4577541.6 0, 424041.2 4577578.7 0, 424042.3 4577584.6 0, 424046.9 4577612.2 0, 424051.1 4577640.8 0, 424054.7 4577668.9 0, 424057.4 4577693.9 0, 424059.4 4577713 0, 424061 4577733 0, 424061.8 4577747.2 0, 424062.4 4577758.2 0, 424062.7 4577765 0, 424063.1 4577778.6 0, 424063.3 4577785 0, 424063.6 4577795.1 0, 424148.6 4577858.4 0, 424240.7 4577926.1 0, 424273.7 4577950.5 0, 424297.7 4577967.5 0, 424317.396 4577980.921 0, 424474.243 4577672.649 0, 424484.77 4577667.97 0, 424514.014 4577678.498 0, 424908.219 4577947.539 0, 425249.011 4578269.698 0, 425313.8 4578332.175 0, 425334.951 4578352.173 0, 425380.076 4578396.484 0, 425419.26 4578434.964 0, 425861.099 4578868.847 0, 425921.366 4578926.3 0, 425967.557 4578973.427 0, 425978.162 4578992.914 0, 426056.298 4579061.921 0, 426050.044 4578986.668 0, 426000.964 4578396.436 0, 425998.861 4578372.75 0, 425985.981 4578216.264 0, 425978.136 4578121.926 0, 425963.277 4577942.608 0, 425962.643 4577931.53 0, 425953.479 4577762.522 0, 425939.313 4577617.191 0, 425887.587 4577058.338 0, 425856.699 4576948.461 0, 424808.8 4576483.9 0, 424738.012 4576452.208 0))|POLYGON ((2.1005265199741157 41.336042049958181 0, 2.0983752334806747 41.33726335149359 0, 2.0979064467265696 41.337520293829961 0, 2.0974827088229797 41.33780438502297 0, 2.0970229974118793 41.338114134173367 0, 2.0964624670372625 41.338455255992251 0, 2.0959301805225441 41.33874826234215 0, 2.0954168856616966 41.339006340034729 0, 2.0948568607727172 41.339277856491179 0, 2.0943612045851454 41.339499245248618 0, 2.0938311145733839 41.3397402764498 0, 2.0932865048974127 41.339968832425022 0, 2.0927175091655479 41.340195698304825 0, 2.0921734262114757 41.340404706726353 0, 2.0915988922205768 41.340621885265335 0, 2.0910576058939392 41.340811481151547 0, 2.0904536594231766 41.341018585385257 0, 2.0898322746986384 41.341208263020391 0, 2.0895210432302891 41.341300092288996 0, 2.0895214674353655 41.341300528007714 0, 2.0895638252479998 41.341348603154863 0, 2.0896202857026083 41.341413904202362 0, 2.0896661536328742 41.341467411611568 0, 2.0897202492188143 41.341530892391653 0, 2.0897602046238291 41.341579849218782 0, 2.0898260254593017 41.341659636286472 0, 2.0898612508560657 41.341704952647206 0, 2.0899070690246453 41.341762062587442 0, 2.0899822628091362 41.341855435018452 0, 2.0900374161822972 41.341928832322111 0, 2.0900878770927851 41.341995887209357 0, 2.0901348155259023 41.342058410447557 0, 2.0901852766347275 41.342125465292654 0, 2.0903001892885649 41.342284906658755 0, 2.0903693836869404 41.342380032919337 0, 2.0904033395456687 41.342430743608887 0, 2.0904888395020778 41.342556624355318 0, 2.0905567391052777 41.342658946311118 0, 2.0906117810124 41.342740449250755 0, 2.0907123169306061 41.342902478855372 0, 2.0907789469573808 41.343010195177214 0, 2.0908291964727881 41.343092560902548 0, 2.0908933990806267 41.343202960244994 0, 2.0909482414326233 41.343298873527857 0, 2.0910007688718704 41.343389363966793 0, 2.0910485911465875 41.34347441268671 0, 2.0910928407198739 41.343558532414235 0, 2.0911499361287658 41.343664371699191 0, 2.0911627317657215 41.343689693897957 0, 2.0911790376289612 41.343720448347447 0, 2.091197608514443 41.343760228234167 0, 2.0912104041880619 41.34378555042759 0, 2.0912266725283142 41.343819006839539 0, 2.0912417708086375 41.343850652499107 0, 2.0912580266581511 41.343885009563 0, 2.0912789503163283 41.343927510279805 0, 2.0912964013275848 41.343961876775083 0, 2.0913114996735942 41.343993522425407 0, 2.0913347385214145 41.344041445943496 0, 2.0913498494250633 41.34407219093233 0, 2.0913777311043291 41.344130059406645 0, 2.0913846890108858 41.344145427180564 0, 2.0914113005000097 41.34420869014923 0, 2.0914472101541683 41.344290942377761 0, 2.0914819498049719 41.344371383847246 0, 2.0915166645013676 41.344453626618765 0, 2.0915699381009345 41.344576549861678 0, 2.0916011301936477 41.3446542610232 0, 2.091646075690945 41.34477441622483 0, 2.091681848252168 41.344866575598331 0, 2.0917222012155419 41.344973183191939 0, 2.0917635867434732 41.345091508735415 0, 2.0918061675643775 41.345209843694754 0, 2.0918245640264486 41.3452622326671 0, 2.0918805107256286 41.345450931967761 0, 2.0919204764211696 41.345585459833764 0, 2.0919774311141195 41.345787678357368 0, 2.0920588403708962 41.346122500765368 0, 2.0920712489455271 41.346175743204931 0, 2.0921227733086183 41.346424758053573 0, 2.0921693922418507 41.346682741722113 0, 2.0922089030078532 41.34693616551688 0, 2.09223804523861 41.347161584102636 0, 2.09225955945243 41.347333797972333 0, 2.0922761804257757 41.347514080030379 0, 2.0922839655242229 41.3476420486123 0, 2.0922897605802642 41.347741177342975 0, 2.0922924954845934 41.347802450236394 0, 2.0922955749125105 41.347924977167196 0, 2.0922971646691044 41.347982638007529 0, 2.0922994867576938 41.348073632547049 0, 2.0933074962462861 41.348651756429675 0, 2.0943998351460156 41.349270168303242 0, 2.0947912141852782 41.349493031592495 0, 2.0950759481459307 41.349648399175791 0, 2.0953096869608752 41.349771127171714 0, 2.0972227288875667 41.347009375458981 0, 2.0973491276998768 41.346968220609206 0, 2.0976973371952647 41.347065782748906 0, 2.1023755280550125 41.349525767041662 0, 2.1064090977117966 41.352459020056955 0, 2.1071758214312029 41.353027735419843 0, 2.1074261777434091 41.353209810349519 0, 2.1079601074200296 41.353613083603705 0, 2.1084237467776461 41.3539632868332 0, 2.1136520929207347 41.357911893715062 0, 2.11436550130918 41.358434896401079 0, 2.1149119158945116 41.358863598540147 0, 2.115036310828954 41.359040085107743 0, 2.1159619434050807 41.359668782776453 0, 2.1158963549861762 41.358990434706627 0, 2.1153816336283233 41.353669939835193 0, 2.1153593846794991 41.353456416075808 0, 2.1152245146809268 41.352045824227275 0, 2.1151422512084581 41.351195437601454 0, 2.1149865210077223 41.349579024138762 0, 2.1149802945219367 41.349479190595616 0, 2.1148913808027943 41.347956158254149 0, 2.1147397992693291 41.346645915326036 0, 2.1141897999151662 41.341607781359784 0, 2.1138340774282329 41.340615318677386 0, 2.1013685005563816 41.336334095224387 0, 2.1005265199741157 41.336042049958181 0))
BAR|Barris|16|00013|Granvia Sud|2027414.1840820313|POLYGON ((427854.126 4577833.971 0, 425856.699 4576948.461 0, 425887.587 4577058.338 0, 425939.313 4577617.191 0, 425953.479 4577762.522 0, 425962.643 4577931.53 0, 425989.881 4577958.161 0, 426058.359 4578025.373 0, 426117.018 4578076.822 0, 426215.159 4578153.424 0, 426240.799 4578175.385 0, 426318.273 4578248.623 0, 426423.727 4578137.614 0, 426661.85 4578319.374 0, 426839.707 4578463.022 0, 426928.162 4578535.476 0, 427022.079 4578622.944 0, 427113.176 4578712.247 0, 427015.965 4578932.468 0, 427050.534 4578965.952 0, 427128.673 4579042.151 0, 427191.547 4579102.369 0, 427208.411 4579119.827 0, 427250.654 4579161.306 0, 427281.458 4579191.421 0, 427311.839 4579221.62 0, 427347.04 4579257.299 0, 427386.76 4579300.909 0, 427391.132 4579305.713 0, 427427.179 4579346.984 0, 427461.523 4579382.048 0, 427555.172 4579470.27 0, 427576.878 4579448.125 0, 427687.553 4579332.785 0, 427650.111 4579250.72 0, 427646.475 4579243.766 0, 427639.474 4579231.875 0, 427631.98 4579220.777 0, 427623.952 4579210.445 0, 427613.561 4579198.691 0, 427518.072 4579106.054 0, 427506.831 4579055.85 0, 427505.074 4579040.953 0, 427504.354 4579030.987 0, 427503.808 4579015.996 0, 427502.793 4579006.055 0, 427499.777 4578981.238 0, 427499.339 4578973.754 0, 427498.525 4578954.663 0, 427497.018 4578935.153 0, 427496.696 4578931.342 0, 427496.271 4578923.856 0, 427495.249 4578901.648 0, 427496.164 4578881.399 0, 427496.311 4578873.902 0, 427496.556 4578856.404 0, 427496.507 4578846.404 0, 427496.408 4578831.404 0, 427496.258 4578823.907 0, 427495.593 4578805.409 0, 427492.954 4578780.937 0, 427490.121 4578755.458 0, 427485.304 4578732.209 0, 427483.914 4578724.84 0, 427480.547 4578706.549 0, 427473.762 4578683.63 0, 427469.686 4578669.196 0, 427463.481 4578646.639 0, 427454.514 4578630.298 0, 427448.709 4578624.842 0, 427441.14 4578618.41 0, 427418.46 4578607.9 0, 427393.984 4578598.317 0, 427462.944 4578477.957 0, 427493.239 4578425.676 0, 427504.053 4578403.623 0, 427512.378 4578380.051 0, 427517.262 4578365.107 0, 427523.533 4578344.814 0, 427530.671 4578323.567 0, 427541.483 4578301.581 0, 427560.401 4578269.755 0, 427582.788 4578234.103 0, 427627.74 4578155.9 0, 427661.176 4578095.715 0, 427690.525 4578052.062 0, 427711.44 4578024.59 0, 427741.978 4577982.59 0, 427758.882 4577961.042 0, 427783.51 4577928.853 0, 427809.864 4577891.203 0, 427840.286 4577845.715 0, 427854.126 4577833.971 0))|POLYGON ((2.1375996057478419 41.348772149236332 0, 2.1138340774282329 41.340615318677386 0, 2.1141897999151662 41.341607781359784 0, 2.1147397992693291 41.346645915326036 0, 2.1148913808027943 41.347956158254149 0, 2.1149802945219367 41.349479190595616 0, 2.1153026046548633 41.349721548933665 0, 2.1161128909489211 41.350333190746568 0, 2.1168077487546659 41.350801955008038 0, 2.1179714734893973 41.351500876505476 0, 2.1182752717846105 41.351701019340396 0, 2.1191924067547809 41.352367737472463 0, 2.1204663427318851 41.351377561801172 0, 2.1232905895508845 41.353036324444965 0, 2.1253991969723813 41.354346285358559 0, 2.1264477966854209 41.355006882742252 0, 2.1275599018737683 41.355803191308645 0, 2.1286381044080009 41.356615761222123 0, 2.1274495848918078 41.358590405959433 0, 2.1278587975453274 41.358895116522859 0, 2.1287837252480455 41.359588488218833 0, 2.1295281075357857 41.360136537392329 0, 2.1297276103592218 41.3602952999454 0, 2.13022762363459 41.3606727039695 0, 2.1305922575544205 41.360946721417328 0, 2.1309518277050596 41.361221456095755 0, 2.1313683655773432 41.361545980979919 0, 2.1318379812130144 41.361942343575876 0, 2.1318896719275093 41.361986005744463 0, 2.132315663972371 41.362360968648304 0, 2.1327220441633479 41.362679872373945 0, 2.1338310619325549 41.36348288815929 0, 2.1340932002135187 41.363285389072772 0, 2.135430060921526 41.362256511352236 0, 2.1349922403735704 41.361514017460777 0, 2.1349496029490935 41.361451058524004 0, 2.1348673274227439 41.361343331358185 0, 2.13477906397321 41.361242702090379 0, 2.1346843256862753 41.361148923842251 0, 2.134561508864917 41.361042125630455 0, 2.1334310544300594 41.360199186906165 0, 2.1333026750052797 41.359746005478996 0, 2.1332834515696448 41.359611675344553 0, 2.133276035467536 41.359521850324271 0, 2.1332712999075842 41.359386782590867 0, 2.1332603543723478 41.3592971561721 0, 2.1332272663595111 41.35907336676788 0, 2.1332229248315295 41.359005921615861 0, 2.133215475677817 41.358833902502319 0, 2.1331997924645631 41.3586580472015 0, 2.1331963987023235 41.358623693890223 0, 2.1331922128697087 41.358556231889644 0, 2.1331826499027011 41.358356120324636 0, 2.1331960077093259 41.358173827180231 0, 2.1331986608776283 41.358106317605127 0, 2.1332036806899497 41.357948741402595 0, 2.1332042899870287 41.357858670545376 0, 2.1332048991013011 41.357723561960874 0, 2.1332040019324845 41.357656025638391 0, 2.133198263179291 41.357489360842131 0, 2.1331696415440593 41.35726871260006 0, 2.1331388214047298 41.357038977183379 0, 2.133084018762907 41.356829147914489 0, 2.1330682838123911 41.35676265276927 0, 2.1330302218519077 41.356597608994825 0, 2.1329518556870783 41.356390574616292 0, 2.1329048580503489 41.356260205575168 0, 2.1328333824727772 41.356056483756817 0, 2.1327281484451626 41.355908498394783 0, 2.1326594104283214 41.35585883516336 0, 2.1325697031880919 41.355800222466641 0, 2.132299854206293 41.355703518787024 0, 2.1320084266237589 41.355615001715684 0, 2.1328471282462003 41.354537176031215 0, 2.1332155006070277 41.354069027482133 0, 2.1333473973704882 41.353871377338749 0, 2.1334497233862746 41.3536598219024 0, 2.1335098875262521 41.353525666073061 0, 2.1335872692050453 41.35334345844246 0, 2.1336751276704167 41.35315273641816 0, 2.1338069892492184 41.35295568895102 0, 2.1340369154903804 41.352670744966268 0, 2.1343087609320097 41.352351652947263 0, 2.1348553941075439 41.351651345911968 0, 2.1352622210877117 41.351112283874613 0, 2.1356182214376362 41.350721751510378 0, 2.1358714825038385 41.35047619788476 0, 2.1362414904453737 41.350100658206109 0, 2.1364461003305948 41.3499080988869 0, 2.1367442957055114 41.349620391808237 0, 2.137063767741052 41.349283653200182 0, 2.1374327902252652 41.348876683826219 0, 2.1375996057478419 41.348772149236332 0))
